{"FILE":[{"niveau":1,"name":"van","essai":1,"valeurJouer":5,"randomOrdi":1},{"niveau":1,"name":"van","essai":2,"valeurJouer":2,"randomOrdi":1},{"niveau":1,"name":"van","essai":3,"valeurJouer":1,"randomOrdi":1},{"niveau":2,"name":"van","essai":1,"valeurJouer":10,"randomOrdi":8},{"niveau":2,"name":"van","essai":2,"valeurJouer":5,"randomOrdi":8},{"niveau":2,"name":"van","essai":3,"valeurJouer":7,"randomOrdi":8},{"niveau":2,"name":"van","essai":4,"valeurJouer":8,"randomOrdi":8},{"niveau":3,"name":"van","essai":1,"valeurJouer":20,"randomOrdi":2},{"niveau":3,"name":"van","essai":2,"valeurJouer":10,"randomOrdi":2},{"niveau":3,"name":"van","essai":3,"valeurJouer":5,"randomOrdi":2},{"niveau":3,"name":"van","essai":4,"valeurJouer":2,"randomOrdi":2},{"niveau":1,"name":"sdfzggr","essai":1,"valeurJouer":5,"randomOrdi":2},{"niveau":1,"name":"sdfzggr","essai":2,"valeurJouer":1,"randomOrdi":2},{"niveau":1,"name":"sdfzggr","essai":3,"valeurJouer":3,"randomOrdi":2},{"niveau":1,"name":"sdfzggr","essai":4,"valeurJouer":2,"randomOrdi":2},{"niveau":1,"name":"rghg","essai":1,"valeurJouer":5,"randomOrdi":3},{"niveau":1,"name":"rghg","essai":2,"valeurJouer":1,"randomOrdi":3},{"niveau":1,"name":"rghg","essai":3,"valeurJouer":3,"randomOrdi":3}],"SOLD":[{"niveau":1,"name":"van","sold":5,"mise":5,"gain":-5},{"niveau":2,"name":"van","sold":4,"mise":1,"gain":-1},{"niveau":3,"name":"van","sold":3,"mise":1,"gain":-1},{"niveau":1,"name":"sdfzggr","sold":0,"mise":10,"gain":-10},{"niveau":1,"name":"rghg","sold":0,"mise":10,"gain":-10}]}